{
  "Name": "444 Radio",
  "Version": "1.0.0",
  "Factory Info": {
    "Vendor": "444Radio",
    "URL": "https://444radio.co.in",
    "E-Mail": "",
    "Flags": {
      "Unicode": true,
      "Classes Discardable": false,
      "Component Non Discardable": false,
    },
  },
  "Classes": [
    {
      "CID": "ABCDEF019182FAEB4634345246343450",
      "Category": "Audio Module Class",
      "Name": "444 Radio",
      "Vendor": "444Radio",
      "Version": "1.0.0",
      "SDKVersion": "VST 3.7.8",
      "Sub Categories": [
        "Fx",
        "Tools",
      ],
      "Class Flags": 0,
      "Cardinality": 2147483647,
      "Snapshots": [
      ],
    },
    {
      "CID": "ABCDEF011234ABCD4634345246343450",
      "Category": "Component Controller Class",
      "Name": "444 Radio",
      "Vendor": "444Radio",
      "Version": "1.0.0",
      "SDKVersion": "VST 3.7.8",
      "Sub Categories": [
        "Fx",
        "Tools",
      ],
      "Class Flags": 0,
      "Cardinality": 2147483647,
      "Snapshots": [
      ],
    },
    {
      "CID": "ABCDEF01C0DEF00D4634345246343450",
      "Category": "Plugin Compatibility Class",
      "Name": "444 Radio",
      "Vendor": "444Radio",
      "Version": "1.0.0",
      "SDKVersion": "VST 3.7.8",
      "Class Flags": 0,
      "Cardinality": 2147483647,
      "Snapshots": [
      ],
    },
  ],
}